{"initial_reset_timestamp": 1581981508.2862797, "timestamps": [1581981508.2888024, 1581981508.2928884, 1581981508.3246229, 1581981508.3589523, 1581981508.4014173, 1581981508.4290102, 1581981508.4617736, 1581981508.492884, 1581981508.520777, 1581981508.5580285, 1581981508.5799468, 1581981508.6265695, 1581981508.6514761, 1581981508.672217, 1581981508.7002285, 1581981508.73306, 1581981508.7568035, 1581981508.7842941, 1581981508.8087866, 1581981508.8415112, 1581981508.866568, 1581981508.8866193, 1581981508.9166746, 1581981508.9565337, 1581981508.9791782, 1581981509.0087478, 1581981509.0518713, 1581981509.0950768, 1581981509.1230946, 1581981509.1545336, 1581981509.1834145, 1581981509.2074914, 1581981509.235595, 1581981509.266313, 1581981509.3058836, 1581981509.3501077, 1581981509.382677, 1581981509.4055772, 1581981509.428874, 1581981509.453431, 1581981509.475708, 1581981509.4997766, 1581981509.5292027, 1581981509.568709, 1581981509.606531, 1581981509.6518292, 1581981509.690068, 1581981509.7288423, 1581981509.7652924, 1581981509.8051152, 1581981509.8298368, 1581981509.8680406, 1581981509.9033315, 1581981509.937215, 1581981509.9821534, 1581981510.032622, 1581981510.0814354, 1581981510.1175969, 1581981510.1531162, 1581981510.193555, 1581981510.2702603, 1581981510.3241086, 1581981510.384723, 1581981510.453662, 1581981510.4794939, 1581981510.516375, 1581981510.537677, 1581981510.559076, 1581981510.5802572, 1581981510.6239457, 1581981510.6481562, 1581981510.674052, 1581981510.6951299, 1581981510.7196414, 1581981510.741858, 1581981510.7725067, 1581981510.8020706, 1581981510.8272738, 1581981510.8514333, 1581981510.878148, 1581981510.9144676, 1581981510.9491343, 1581981510.9783778, 1581981511.00951, 1581981511.0330005, 1581981511.0573733, 1581981511.0845633, 1581981511.114584, 1581981511.1490033, 1581981511.1823056, 1581981511.2180374, 1581981511.2419627, 1581981511.2640665, 1581981511.2882872, 1581981511.3085992, 1581981511.342634, 1581981511.378, 1581981511.3978379, 1581981511.4209633, 1581981511.4416912, 1581981511.4671526, 1581981511.4956996, 1581981511.5253341, 1581981511.5500267, 1581981511.5731122, 1581981511.5998747, 1581981511.642506, 1581981511.6850822, 1581981511.7143466, 1581981511.742027, 1581981511.7816439, 1581981511.8189323, 1581981511.8723938, 1581981511.9152765, 1581981511.950496, 1581981511.9883876, 1581981512.0188932, 1581981512.0599704, 1581981512.0773847, 1581981512.1050253, 1581981512.1284099, 1581981512.150687, 1581981512.1717055, 1581981512.193593, 1581981512.2157006, 1581981512.2332516, 1581981512.260667, 1581981512.2931788, 1581981512.325968, 1581981512.3611374, 1581981512.3830807, 1581981512.4109483, 1581981512.4381564, 1581981512.4634423, 1581981512.4951556, 1581981512.5210497, 1581981512.5464451, 1581981512.572829, 1581981512.5952232, 1581981512.6219454, 1581981512.6470132, 1581981512.6905837, 1581981512.7166917, 1581981512.740941, 1581981512.7625966, 1581981512.781364, 1581981512.8073916, 1581981512.8342357, 1581981512.8582945, 1581981512.8770764, 1581981512.900714, 1581981512.931909, 1581981512.9562073, 1581981512.9759617, 1581981513.0048685, 1581981513.041106, 1581981513.0656774, 1581981513.0882576, 1581981513.113705, 1581981513.1480792, 1581981513.1864486, 1581981513.210068, 1581981513.2289875, 1581981513.2501278, 1581981513.2782059, 1581981513.314694, 1581981513.3460464, 1581981513.3784733, 1581981513.3973007, 1581981513.421924, 1581981513.4417431, 1581981513.4651835, 1581981513.487621, 1581981513.509943, 1581981513.5280411, 1581981513.5479574, 1581981513.5855803, 1581981513.6114216, 1581981513.644066, 1581981513.6781452, 1581981513.6965141, 1581981513.7186592, 1581981513.746209, 1581981513.7800343, 1581981513.8144317, 1581981513.8388107, 1581981513.8621747, 1581981513.8829982, 1581981513.903609, 1581981513.9323812, 1581981513.962379, 1581981513.9867604, 1581981514.0228717, 1581981514.0457356, 1581981514.0705621, 1581981514.1055512, 1581981514.12463, 1581981514.1483097, 1581981514.173752, 1581981514.1975782, 1581981514.235417, 1581981514.2622182, 1581981514.2870176, 1581981514.3122451, 1581981514.333625, 1581981514.3569088, 1581981514.3775585, 1581981514.3956392, 1581981514.4313776, 1581981514.4561408, 1581981514.4813218, 1581981514.5108912, 1581981514.5372891, 1581981514.5609803, 1581981514.5783818, 1581981514.6031635, 1581981514.625834, 1581981514.6554322, 1581981514.679865, 1581981514.7058644, 1581981514.7282407, 1581981514.7550178, 1581981514.7803051, 1581981514.8199785, 1581981514.8541012, 1581981514.89015, 1581981514.9148192, 1581981514.941472, 1581981514.966191, 1581981514.9875689, 1581981515.0120735, 1581981515.0313067, 1581981515.056338, 1581981515.0778458, 1581981515.1189613, 1581981515.1474059, 1581981515.1737044, 1581981515.1960523, 1581981515.2195961, 1581981515.243839, 1581981515.2689502, 1581981515.2962115, 1581981515.3187308, 1581981515.3436182, 1581981515.379296, 1581981515.406748, 1581981515.4280438, 1581981515.4551923, 1581981515.4785955, 1581981515.5032797, 1581981515.5243554, 1581981515.5488598, 1581981515.5820165, 1581981515.6129358, 1581981515.6547153, 1581981515.6719902, 1581981515.695737, 1581981515.7217882, 1581981515.7412596, 1581981515.7728753, 1581981515.806373, 1581981515.830747, 1581981515.8563836, 1581981515.8743324, 1581981515.9034283, 1581981515.9265223, 1581981515.953525, 1581981515.975131, 1581981516.0102277, 1581981516.0326812, 1581981516.0530431, 1581981516.079435, 1581981516.1053607, 1581981516.1264243, 1581981516.1688662, 1581981516.1996913, 1581981516.240272, 1581981516.2712352, 1581981516.297382, 1581981516.3188696, 1581981516.336584, 1581981516.3580487, 1581981516.3791418, 1581981516.4097285, 1581981516.4365408, 1581981516.4710674, 1581981516.5080276, 1581981516.5268748, 1581981516.5607326, 1581981516.5883005, 1581981516.6186237, 1581981516.651323, 1581981516.6722357, 1581981516.7045214, 1581981516.7302926, 1581981516.7645724, 1581981516.7889056, 1581981516.818345, 1581981516.8513198, 1581981516.8774328, 1581981516.9073193, 1581981516.9261112, 1581981516.957414, 1581981516.9834108, 1581981517.0127456, 1581981517.0350196, 1581981517.061515, 1581981517.1028545, 1581981517.1256268, 1581981517.1479053, 1581981517.173473, 1581981517.1929684, 1581981517.2218618, 1581981517.241875, 1581981517.2840762, 1581981517.3131518, 1581981517.3411338, 1581981517.3732872, 1581981517.4025984, 1581981517.4287856, 1581981517.456263, 1581981517.4755623, 1581981517.5102284, 1581981517.5334136, 1581981517.5622807, 1581981517.5863934, 1581981517.608201, 1581981517.6392746, 1581981517.6702235, 1581981517.692444, 1581981517.7242086, 1581981517.7534688, 1581981517.777911, 1581981517.8115685, 1581981517.8357272, 1581981517.8664143, 1581981517.8882525, 1581981517.930579, 1581981517.9731507, 1581981517.9992874, 1581981518.0205545, 1581981518.040112, 1581981518.0625706, 1581981518.090263, 1581981518.1151779, 1581981518.1332078, 1581981518.169819, 1581981518.1941152, 1581981518.225995, 1581981518.2532728, 1581981518.273264, 1581981518.2952247, 1581981518.3216856, 1581981518.3478856, 1581981518.3649044, 1581981518.3909633, 1581981518.4130256, 1581981518.4343503, 1581981518.4584744, 1581981518.4791257, 1581981518.5107124, 1581981518.5358756, 1581981518.561534, 1581981518.585491, 1581981518.616818, 1581981518.648624, 1581981518.6674502, 1581981518.687319, 1581981518.7139215, 1581981518.7375832, 1581981518.7660058, 1581981518.7859225, 1581981518.8222148, 1581981518.859821, 1581981518.9004421, 1581981518.9195056, 1581981518.9391983, 1581981518.9610388, 1581981518.9832218, 1581981519.008831, 1581981519.0323262, 1581981519.0753546, 1581981519.1036, 1581981519.1218681, 1581981519.147018, 1581981519.1720383, 1581981519.1962667, 1581981519.217796, 1581981519.2465491, 1581981519.2718852, 1581981519.30423, 1581981519.331225, 1581981519.3553169, 1581981519.3766823, 1581981519.408052, 1581981519.435772, 1581981519.463874, 1581981519.502798, 1581981519.5277162, 1581981519.554682, 1581981519.5734937, 1581981519.6012366, 