{"initial_reset_timestamp": 1581691509.2553656, "timestamps": [1581691509.4447818, 1581691509.7778618, 1581691509.9665563, 1581691510.1435888, 1581691510.3559632, 1581691510.5734758, 1581691510.7260048, 1581691511.0523782, 1581691511.2540438, 1581691511.6248, 1581691511.9312918, 1581691512.286462, 1581691512.738036, 1581691513.0879083, 1581691513.278765, 1581691513.5587344, 1581691513.8820755, 1581691514.1843894], "episode_lengths": [83, 120, 72, 65, 53, 71, 55, 86, 71, 91, 84, 91, 165, 106, 65, 78, 105, 88], "episode_rewards": [-298.6447904713125, -805.9654298363623, -469.8588473665886, -116.75634896014623, -99.91578162927243, -126.48217804819907, -109.11529698683495, -198.13140599390826, -149.30330387227127, -89.59795388617557, -197.945030531336, -173.84473359616942, -671.4762617796176, -429.2727231189791, -108.17961580024514, -193.9609115216868, -193.03200724160882, -172.98443018819773], "episode_types": ["t", "t", "t", "t", "t", "t", "t", "t", "t", "t", "t", "t", "t", "t", "t", "t", "t", "t", "t"]}