{"initial_reset_timestamp": 1581691944.2060897, "timestamps": [1581691944.345951, 1581691944.8474238, 1581691945.0790527, 1581691945.2288568, 1581691945.4712338, 1581691945.7006187, 1581691945.8912482, 1581691946.1488678, 1581691946.2867928, 1581691946.5550041, 1581691947.049299, 1581691947.5532396, 1581691947.77338], "episode_lengths": [62, 167, 79, 53, 62, 54, 55, 89, 54, 86, 141, 173, 59], "episode_rewards": [-354.09275743771957, -955.3867164646223, -376.0670622830532, -373.6252536584602, -134.85220116168463, -100.82537927920673, -77.54020177894272, -304.3520623858824, -251.4983127548491, -130.80986530215296, -441.6934153266167, -373.47325296263557, -37.14764031507055], "episode_types": ["t", "t", "t", "t", "t", "t", "t", "t", "t", "t", "t", "t", "t", "t"]}