{"initial_reset_timestamp": 1581899276.3215256, "timestamps": [1581899276.33966, 1581899276.3491797, 1581899276.3717706, 1581899276.3833392, 1581899276.4078872, 1581899276.4228864, 1581899276.4297273, 1581899276.4444675, 1581899276.4677498, 1581899276.4770718], "episode_lengths": [16, 8, 21, 11, 21, 15, 10, 13, 25, 9], "episode_rewards": [16.0, 8.0, 21.0, 11.0, 21.0, 15.0, 10.0, 13.0, 25.0, 9.0], "episode_types": ["t", "t", "t", "t", "t", "t", "t", "t", "t", "t"]}