{"initial_reset_timestamp": 1581956746.512325, "timestamps": [1581956748.408049, 1581956751.9746864, 1581956755.2251415, 1581956758.5029666, 1581956761.7230818, 1581956764.6887298, 1581956767.8974767, 1581956771.160573, 1581956774.17043, 1581956777.3313334, 1581956780.2893183, 1581956783.5144582, 1581956786.747513, 1581956789.9475787, 1581956793.2363164, 1581956796.442628, 1581956799.6846497, 1581956802.8806956, 1581956805.8070474, 1581956808.8311026, 1581956812.0278597, 1581956815.6078854, 1581956819.1649232, 1581956823.045808, 1581956826.2991145, 1581956829.660374, 1581956833.1258903, 1581956836.3346436, 1581956839.628691, 1581956843.257966, 1581956846.719883, 1581956850.084138, 1581956853.2806168, 1581956856.6309218, 1581956859.7888298, 1581956863.0705492, 1581956866.2953687, 1581956869.4443018, 1581956872.639363, 1581956875.8319278, 1581956879.0851245, 1581956882.1202478, 1581956885.387187, 1581956888.4166539, 1581956892.0025258], "episode_lengths": [200, 200, 200, 200, 200, 200, 200, 200, 200, 200, 200, 200, 200, 200, 200, 200, 200, 200, 200, 200, 200, 200, 200, 200, 200, 200, 200, 200, 200, 200, 200, 200, 200, 200, 200, 200, 200, 200, 200, 200, 200, 200, 200, 200, 200], "episode_rewards": [-1070.9103978755245, -1544.3951981082237, -1119.15674931857, -1623.681484838377, -1732.9389224828133, -1201.0588239361032, -1601.0644049189514, -1201.6112088562786, -1376.9582130444826, -1334.9868587473218, -1353.2502778617272, -1287.331759304942, -1162.675912601479, -1236.7318774597468, -1482.421157299844, -1278.4433630876047, -1379.72385794937, -1185.2439486350238, -1337.8744180802714, -1360.8461024781486, -1312.2212553023994, -1336.3246381256818, -1345.929710543961, -1337.5113661574642, -1347.3624010262233, -1350.0271619842256, -1466.651703425439, -1406.7500391240521, -1372.313185994976, -1358.6997160970764, -1317.5327161126324, -1201.6210510421854, -1247.8056899967703, -1320.7332164459735, -1232.3520673848475, -1523.521369209535, -1208.8425602410985, -1349.2951696564692, -1320.8411326219614, -1427.2905592971463, -1679.7513469293137, -1308.3480516946456, -1341.4558900211748, -1341.3589639043685, -1275.1638902416903], "episode_types": ["t", "t", "t", "t", "t", "t", "t", "t", "t", "t", "t", "t", "t", "t", "t", "t", "t", "t", "t", "t", "t", "t", "t", "t", "t", "t", "t", "t", "t", "t", "t", "t", "t", "t", "t", "t", "t", "t", "t", "t", "t", "t", "t", "t", "t", "t"]}