{"initial_reset_timestamp": 1581671236.2501848, "timestamps": [1581671236.2527955, 1581671236.2570395, 1581671236.2934768, 1581671236.3179822, 1581671236.351785, 1581671236.375432, 1581671236.3923912, 1581671236.4130828, 1581671236.4367917, 1581671236.4569721, 1581671236.4879227, 1581671236.5060647, 1581671236.5314353, 1581671236.561337, 1581671236.5786595, 1581671236.597255, 1581671236.614047, 1581671236.630399, 1581671236.6577942, 1581671236.690435, 1581671236.720551, 1581671236.7396495, 1581671236.7684925, 1581671236.7870228, 1581671236.807598, 1581671236.8278584, 1581671236.8450205, 1581671236.861646, 1581671236.8802562, 1581671236.9004028, 1581671236.9380467, 1581671236.9613554, 1581671236.9806035, 1581671236.9982128, 1581671237.0209088, 1581671237.0529892, 1581671237.0860386, 1581671237.119004, 1581671237.1422913, 1581671237.1598122, 1581671237.1809208, 1581671237.1998167, 1581671237.220364, 1581671237.2376485, 1581671237.2543952, 1581671237.272635, 1581671237.3055308, 1581671237.333315, 1581671237.3636723, 1581671237.388933, 1581671237.4275663, 1581671237.4638681, 1581671237.497706, 1581671237.546938, 1581671237.5923846, 1581671237.6215754, 1581671237.6374247, 1581671237.657004, 1581671237.6743472, 1581671237.6918693, 1581671237.7159266, 1581671237.735947, 1581671237.759923, 1581671237.7783372, 1581671237.8022187, 1581671237.8250263, 1581671237.8431747, 1581671237.8753774, 1581671237.9053922, 1581671237.9406826, 1581671237.967195, 1581671238.0001063, 1581671238.0297968, 1581671238.0575316, 1581671238.0754304, 1581671238.0970466, 1581671238.1180851, 1581671238.139012, 1581671238.1580455, 1581671238.1839347, 1581671238.2177737, 1581671238.2370856, 1581671238.2554266, 1581671238.2740345, 1581671238.2927063, 1581671238.309011, 1581671238.3241258, 1581671238.3515952, 1581671238.3803341, 1581671238.4021595, 1581671238.4309914, 1581671238.4663742, 1581671238.5130053, 1581671238.552426, 1581671238.636949, 1581671238.6563754, 1581671238.67627, 1581671238.6995513, 1581671238.7186718, 1581671238.7415788, 1581671238.759325, 1581671238.7791677, 1581671238.7986593, 1581671238.8181741, 1581671238.838942, 1581671238.8624904, 1581671238.88935, 1581671238.9100754, 1581671238.938084, 1581671238.971404, 1581671238.9877307, 1581671239.013399, 1581671239.0326335, 1581671239.051714, 1581671239.0725255, 1581671239.0981138, 1581671239.1145272, 1581671239.1360893, 1581671239.1576464, 1581671239.1734498, 1581671239.1946645, 1581671239.2167845, 1581671239.257541, 1581671239.2879944, 1581671239.326298, 1581671239.3716314, 1581671239.4055412, 1581671239.4327228, 1581671239.4641035, 1581671239.4874134, 1581671239.5151336, 1581671239.5350513, 1581671239.552783, 1581671239.573935, 1581671239.5927868, 1581671239.6129372, 1581671239.6303275, 1581671239.6480186, 1581671239.6674006, 1581671239.686405, 1581671239.704126, 1581671239.724195, 1581671239.7715247, 1581671239.800492, 1581671239.832996, 1581671239.859729, 1581671239.9088104, 1581671239.9343958, 1581671239.966498, 1581671239.9915252, 1581671240.0133903, 1581671240.0327833, 1581671240.0498228, 1581671240.0691943, 1581671240.0864747, 1581671240.103928, 1581671240.1218863, 1581671240.139886, 1581671240.1849053, 1581671240.203197, 1581671240.2208307, 1581671240.2400916, 1581671240.2671435, 1581671240.2958457, 1581671240.3252385, 1581671240.361929, 1581671240.392204, 1581671240.4127092, 1581671240.4376802, 1581671240.4577172, 1581671240.4858086, 1581671240.5028496, 1581671240.5232797, 1581671240.545371, 1581671240.5639522, 1581671240.590758, 1581671240.609722, 1581671240.6344497, 1581671240.6514761, 1581671240.6696334, 1581671240.6902645, 1581671240.7265177, 1581671240.7478898, 1581671240.7670345, 1581671240.784475, 1581671240.8092756, 1581671240.8331935, 1581671240.861465, 1581671240.9096613, 1581671240.9403374, 1581671240.9643548, 1581671240.9947307, 1581671241.0149345, 1581671241.0445259, 1581671241.0621943, 1581671241.0810018, 1581671241.1053767, 1581671241.1218896, 1581671241.1403983, 1581671241.157245, 1581671241.1843786, 1581671241.2052476, 1581671241.2264102, 1581671241.2522423, 1581671241.275638, 1581671241.3010662, 1581671241.3200712, 1581671241.3434734, 1581671241.3690033, 1581671241.3983946, 1581671241.452628, 1581671241.4880877, 1581671241.5075397, 1581671241.527659, 1581671241.5559456, 1581671241.5740464, 1581671241.5929198, 1581671241.612319, 1581671241.6274927, 1581671241.6449518, 1581671241.6665282, 1581671241.6952598, 1581671241.713892, 1581671241.737307, 1581671241.7615526, 1581671241.795314, 1581671241.8239644, 1581671241.8401828, 1581671241.861573, 1581671241.888719, 1581671241.9124804, 1581671241.9452987, 1581671241.9631765, 1581671241.9827294, 1581671242.0000942, 1581671242.0216515, 1581671242.0388489, 1581671242.055583, 1581671242.0742385, 1581671242.0911229, 1581671242.1208534, 1581671242.1409345, 1581671242.1611302, 1581671242.1806355, 1581671242.1979399, 1581671242.21627, 1581671242.2536042, 1581671242.289987, 1581671242.3166234, 1581671242.3649797, 1581671242.4031281, 1581671242.445344, 1581671242.4858742, 1581671242.5063834, 1581671242.5329473, 1581671242.5599363, 1581671242.582384, 1581671242.6023877, 1581671242.6286452, 1581671242.65072, 1581671242.6705568, 1581671242.699681, 1581671242.7319417, 1581671242.7765806, 1581671242.8077285, 1581671242.8350756, 1581671242.8590777, 1581671242.879378, 1581671242.9027536, 1581671242.9187343, 1581671242.9394498, 1581671242.9558208, 1581671242.9820337, 1581671243.0125008, 1581671243.0301569, 1581671243.0547185, 1581671243.0729978, 1581671243.09135, 1581671243.1098893, 1581671243.1267946, 1581671243.1484022, 1581671243.1667707, 1581671243.206587, 1581671243.2602568, 1581671243.2937176, 1581671243.3138044, 1581671243.3298547, 1581671243.3531175, 1581671243.375698, 1581671243.392944, 1581671243.4119008, 1581671243.4435065, 1581671243.4638317, 1581671243.4839818, 1581671243.5059826, 1581671243.5286295, 1581671243.5455751, 1581671243.5705156, 1581671243.5911489, 1581671243.6300747, 1581671243.6599503, 1581671243.6802487, 1581671243.7046394, 1581671243.7267346, 1581671243.7529094, 1581671243.7805517, 1581671243.7975948, 1581671243.8168056, 1581671243.8358011, 1581671243.8734474, 1581671243.891749, 1581671243.911739, 1581671243.929086, 1581671243.948214, 1581671243.9675775, 1581671243.998288, 1581671244.0248935, 1581671244.0565522, 1581671244.0856884, 1581671244.111869, 1581671244.1526852, 1581671244.1813571, 1581671244.213475, 1581671244.254925, 1581671244.2878428, 1581671244.3261528, 1581671244.3535025, 1581671244.37269, 1581671244.3910434, 1581671244.408584, 1581671244.4307656, 1581671244.4586437, 1581671244.4871182, 1581671244.506093, 1581671244.5301285, 1581671244.5591805, 1581671244.581589, 1581671244.6021018, 1581671244.6195724, 1581671244.6398604, 1581671244.656622, 1581671244.68204, 1581671244.7036827, 1581671244.725505, 1581671244.7699552, 1581671244.8042147, 1581671244.8271186, 1581671244.8560088, 1581671244.8811204, 1581671244.8998375, 1581671244.9193656, 1581671244.9402153, 1581671244.9595191, 1581671244.9847982, 1581671245.0109844, 1581671245.031991, 1581671245.0618796, 1581671245.089479, 1581671245.123833, 1581671245.153067, 1581671245.1837459, 1581671245.2108417, 1581671245.2336938, 1581671245.2494118, 1581671245.2668223, 1581671245.2874713, 1581671245.312995, 1581671245.3314981, 1581671245.3503044, 1581671245.368767, 1581671245.3889797, 1581671245.4092991, 1581671245.4402225, 1581671245.4711037, 1581671245.5074, 1581671245.5360777, 1581671245.5647047, 1581671245.5831902, 1581671245.6035042, 1581671245.6233249, 1581671245.6406376, 1581671245.6692145, 1581671245.6929364, 1581671245.7142577, 1581671245.734787, 1581671245.7513168, 1581671245.7697988, 1581671245.7866764, 1581671245.8050163, 1581671245.8241267, 1581671245.84443, 1581671245.8611956, 1581671245.8876975, 1581671245.937248, 1581671245.9608827, 1581671245.976663, 1581671245.9960926, 1581671246.0168917, 1581671246.037447, 1581671246.0566814, 1581671246.0740743, 1581671246.0937877, 