{"initial_reset_timestamp": 1581671297.0568573, "timestamps": [1581671297.0605035, 1581671297.0686066, 1581671297.10637, 1581671297.1296732, 1581671297.147391, 1581671297.1719491, 1581671297.192687, 1581671297.2118905, 1581671297.2343493, 1581671297.27255, 1581671297.3007584, 1581671297.3260307, 1581671297.3476212, 1581671297.3629987, 1581671297.3837192, 1581671297.4012618, 1581671297.4295733, 1581671297.4553356, 1581671297.4744656, 1581671297.5068257, 1581671297.5326695, 1581671297.5615516, 1581671297.5827212, 1581671297.6045563, 1581671297.626862, 1581671297.6496766, 1581671297.681754, 1581671297.7078452, 1581671297.73946, 1581671297.7658925, 1581671297.7877097, 1581671297.812827, 1581671297.8370063, 1581671297.8648126, 1581671297.8851311, 1581671297.9101295, 1581671297.9365664, 1581671297.990824, 1581671298.0341945, 1581671298.0842597, 1581671298.1183395, 1581671298.1571426, 1581671298.178324, 1581671298.1949475, 1581671298.2216327, 1581671298.2457228, 1581671298.263787, 1581671298.30644, 1581671298.3435829, 1581671298.385145, 1581671298.5036623, 1581671298.5492604, 1581671298.5841098, 1581671298.7022238, 1581671298.7643216, 1581671299.0154922, 1581671299.0858507, 1581671299.174094, 1581671299.2950084, 1581671299.4055524, 1581671299.4719558, 1581671299.5364878, 1581671299.5828164, 1581671299.6254513, 1581671299.655264, 1581671299.7024066, 1581671299.7558916, 1581671299.8054316, 1581671299.855003, 1581671299.999843, 1581671300.126699, 1581671300.1882436, 1581671300.3753388, 1581671300.4294882, 1581671300.514744, 1581671300.723227, 1581671300.838682, 1581671300.9064076, 1581671301.121819, 1581671301.2060769, 1581671301.370895, 1581671301.542403, 1581671301.8134596, 1581671302.0323427, 1581671302.2598202, 1581671302.6576235, 1581671302.7938745, 1581671302.9793622, 1581671303.126182, 1581671303.2644186, 1581671303.4607089, 1581671303.715775, 1581671303.954846, 1581671304.0152752, 1581671304.1609857, 1581671304.2060711, 1581671304.3391886, 1581671304.4644213, 1581671304.602851, 1581671304.891144, 1581671305.1547709, 1581671305.4785435, 1581671305.7389102, 1581671305.9494965, 1581671306.0237172, 1581671306.0606215, 1581671306.1133301, 1581671306.1427684, 1581671306.199841, 1581671306.2680852, 1581671306.3180277, 1581671306.373874, 1581671306.4258494, 1581671306.4854007, 1581671306.5478826, 1581671306.5773666, 1581671306.625761, 1581671306.672161, 1581671306.715882, 1581671306.735071, 1581671306.763609, 1581671306.8040757, 1581671306.8455925, 1581671306.874463, 1581671306.9401028, 1581671306.995698, 1581671307.0456572, 1581671307.1460829, 1581671307.161608, 1581671307.1844418, 1581671307.3381875, 1581671307.6838453, 1581671308.194041, 1581671308.449397, 1581671308.667556, 1581671308.9710417, 1581671309.2544048, 1581671309.4535577, 1581671309.738822, 1581671310.0686615, 1581671310.1155624, 1581671310.228552, 1581671310.3144078, 1581671310.543967, 1581671310.8745, 1581671311.0748131, 1581671311.2459126, 1581671311.58828, 1581671311.907458, 1581671312.4790235, 1581671312.8531191, 1581671313.6013463, 1581671314.3572593, 1581671315.3626497, 1581671315.5070822, 1581671316.2153847, 1581671316.566876, 1581671317.0193646, 1581671317.0691338, 1581671317.0973592, 1581671317.523596, 1581671317.752307, 1581671317.9506757, 1581671317.9863918, 1581671318.0041893, 1581671318.054621, 1581671318.125127, 1581671318.1758306, 1581671318.1938365, 1581671318.2222724, 1581671318.2393508, 1581671318.257678, 1581671318.2787485, 1581671318.3192132, 1581671318.3404589, 1581671318.4181082, 1581671318.515488, 1581671318.905991, 1581671319.380293, 1581671319.9181237, 1581671320.436478, 1581671320.8114152, 1581671321.1448722, 1581671321.1857116, 1581671321.474559, 1581671321.9300325, 1581671322.0916145, 1581671322.2505517, 1581671322.70828, 1581671323.2898464, 1581671323.7613287, 1581671324.3063307, 1581671324.777195, 1581671325.0864823, 1581671325.5328248, 1581671325.8716378, 1581671326.151769, 1581671326.4990513, 1581671327.124774, 1581671327.5025427, 1581671327.6203597, 1581671328.3990622, 1581671329.2106237, 1581671329.7321053, 1581671329.9889653, 1581671330.03714, 1581671330.2798588, 1581671330.3807287, 1581671330.7621071, 1581671331.1834369, 1581671331.2795944, 1581671331.6296327, 1581671332.2042127, 1581671332.900021, 1581671333.2943835, 1581671334.0937836, 1581671334.25139, 1581671334.5153408, 1581671334.5614018, 1581671334.6958075, 1581671334.7512236, 1581671334.9839811, 1581671335.97574, 1581671336.7342222, 1581671337.9890332, 1581671339.3590121, 1581671340.0699308, 1581671340.3581352, 1581671340.4368196, 1581671341.5766895, 1581671341.9091215, 1581671341.9549603, 1581671341.9747112, 1581671342.0011168, 1581671342.1838627, 1581671342.4628453, 1581671342.4937935, 1581671342.728684, 1581671343.2577574, 1581671344.5206666, 1581671345.2493024, 1581671346.446456, 1581671347.6322403, 1581671348.2593086, 1581671348.2898636, 1581671348.540351, 1581671348.7701983, 1581671349.1873093, 1581671349.4577816, 1581671349.5717156, 1581671349.6221244, 1581671350.061336, 1581671350.464473, 1581671350.7315736, 1581671351.0224605, 1581671351.3121977, 1581671351.633325, 1581671351.8590672, 1581671352.3382027, 1581671353.0111365, 1581671353.518989, 1581671353.8500185, 1581671354.3690574, 1581671354.82324, 1581671355.07418, 1581671355.2313712, 1581671355.2567737, 1581671355.4977152, 1581671355.6988091, 1581671355.7721794, 1581671356.0402017, 1581671356.440633, 1581671356.7962537, 1581671357.1500409, 1581671357.512245, 1581671357.9023962, 1581671358.264182, 1581671358.5667217, 1581671358.8047416, 1581671359.094451, 1581671359.4138997, 1581671359.6210093, 1581671359.8127713, 1581671360.1401603, 1581671360.3933082, 1581671360.8207989, 1581671361.1533697, 1581671361.174172, 1581671361.487403, 1581671361.7569711, 1581671361.9187195, 1581671362.2078922, 1581671363.32154, 1581671363.4484844, 1581671363.9980128, 1581671364.1557724, 1581671364.4531767, 1581671364.8927937, 1581671365.4582987, 1581671365.6610408, 1581671366.0182154, 1581671366.3103073, 1581671366.7947063, 1581671367.1819386, 1581671367.833374, 1581671368.5033476, 1581671369.0473962, 1581671369.461162, 1581671369.5150328, 1581671369.811397, 1581671370.0388632, 1581671370.2297957, 1581671370.5903554, 1581671370.6532753, 1581671370.7446947, 1581671370.7735019, 1581671371.0325043, 1581671371.0864632, 1581671371.172322, 1581671371.6179514, 1581671372.0240893, 1581671372.333491, 1581671372.7585917, 1581671372.944981, 1581671373.3608143, 1581671373.4163826, 1581671373.527954, 1581671373.8525276, 1581671373.8904068, 1581671374.0296712, 1581671374.0767486, 1581671374.1334589, 1581671374.1533122, 1581671374.2010775, 1581671374.2592237, 1581671374.3065906, 1581671374.5389893, 1581671374.6425657, 1581671375.0049715, 1581671375.0675375, 1581671375.1758552, 1581671375.291399, 1581671375.692445, 1581671376.0417614, 1581671376.3592808, 1581671376.504576, 1581671376.533239, 1581671376.5693123, 1581671376.6670794, 1581671376.702727, 1581671376.7862868, 1581671376.8358634, 1581671377.1550205, 1581671377.2918618, 1581671377.586869, 1581671378.2366235, 1581671378.785934, 1581671379.247989, 1581671379.6369212, 1581671380.0137875, 1581671380.394446, 1581671380.739094, 1581671380.7567732, 1581671381.230303, 1581671381.899898, 1581671382.1938493, 1581671382.5767834, 1581671382.6895292, 1581671382.8109474, 1581671382.9141512, 1581671383.0390356, 1581671383.0761487, 1581671383.614128, 1581671384.2692678, 1581671384.859587, 1581671385.5468504, 1581671385.7995527, 1581671385.995422, 1581671386.2265873, 1581671386.6087675, 1581671387.176363, 1581671387.5592673, 1581671387.5869412, 1581671388.1630538, 1581671388.81082, 1581671389.3657334, 1581671389.4272645, 1581671389.8383844, 1581671390.4428895, 1581671391.1259346, 1581671391.2126796, 1581671391.2415664, 1581671391.2677512, 1581671391.3163548, 1581671391.349178, 1581671391.3787246, 1581671391.404605, 1581671391.5822916, 1581671391.690963, 1581671392.7098157, 1581671393.2826982, 1581671393.6860516, 1581671393.9070165, 