{"initial_reset_timestamp": 1581811160.9813411, "timestamps": [1581811161.0480053, 1581811161.1010208, 1581811161.1855376, 1581811161.2783573, 1581811161.3330023, 1581811161.3956783, 1581811161.4996533, 1581811161.5806103, 1581811161.6826332, 1581811161.7686577, 1581811161.8354537, 1581811161.88439, 1581811161.978793, 1581811162.1379151, 1581811162.1744921, 1581811162.3768563, 1581811162.4878187, 1581811162.6658678, 1581811162.7564063, 1581811162.9401393, 1581811163.0230794, 1581811163.1153848, 1581811163.1982677, 1581811163.2621822, 1581811163.354986, 1581811163.4538343, 1581811163.4995637, 1581811163.5469692, 1581811163.6270874, 1581811163.8032415, 1581811163.9074616, 1581811163.9603775, 1581811164.0148637, 1581811164.090736, 1581811164.132013, 1581811164.1887178, 1581811164.2673109, 1581811164.3455942, 1581811164.4017222, 1581811164.4608538, 1581811164.5508018, 1581811164.601234, 1581811164.681266, 1581811164.7345521, 1581811164.8147926, 1581811164.9247406, 1581811165.1552293, 1581811165.3295567, 1581811165.4785542, 1581811165.5280576, 1581811165.6122038, 1581811165.6984975, 1581811165.8051426, 1581811165.8487902, 1581811165.949563, 1581811166.0227315, 1581811166.0870879, 1581811166.1534476, 1581811166.2297308, 1581811166.2787192, 1581811166.3671148, 1581811166.4647295, 1581811166.5319033, 1581811166.6417027, 1581811166.741926, 1581811166.8253064, 1581811167.0724444, 1581811167.182534, 1581811167.237345, 1581811167.2777705, 1581811167.4624827, 1581811167.5984132, 1581811167.655996, 1581811167.7823138, 1581811167.899367, 1581811168.0923414, 1581811168.178187, 1581811168.2351017, 1581811168.4520113, 1581811168.7845123, 1581811168.836339, 1581811169.0007572, 1581811169.0571072, 1581811169.1641135, 1581811169.2610648, 1581811169.331739, 1581811169.3768778, 1581811169.5589025, 1581811169.6651115, 1581811169.7546735, 1581811169.8291807, 1581811169.880152, 1581811169.9822583, 1581811170.051792, 1581811170.2467496, 1581811170.3511767, 1581811170.438278, 1581811170.4933205, 1581811170.5619256, 1581811170.628906, 1581811170.8499181, 1581811170.9181955, 1581811170.9665227, 1581811171.1258814, 1581811171.4066968, 1581811171.539549, 1581811171.6811845, 1581811171.8120673, 1581811171.8811111, 1581811172.0651193, 1581811172.1304705, 1581811172.2395144, 1581811172.5486252, 1581811172.81185, 1581811172.9185393, 1581811173.0415907, 1581811173.149854, 1581811173.5906, 1581811173.8344438, 1581811173.903028, 1581811174.0818238, 1581811174.2266068, 1581811174.4423118, 1581811174.7408328, 1581811175.0196998, 1581811175.288931, 1581811175.7309995, 1581811175.8946905, 1581811176.23617, 1581811176.3202884, 1581811176.6472878, 1581811177.4364812, 1581811178.0183687, 1581811178.136194, 1581811178.2653072, 1581811178.363689, 1581811178.489632, 1581811178.6397412, 1581811178.789685, 1581811179.0178847, 1581811179.1779437, 1581811179.3405678, 1581811179.5403035, 1581811179.8134058, 1581811179.9878924, 1581811180.552887, 1581811180.9638805, 1581811181.1552477, 1581811181.537657, 1581811181.9274547, 1581811182.1158018, 1581811182.5213747, 1581811182.9181895, 1581811183.2230127, 1581811183.6877768, 1581811183.9249728, 1581811184.4698024, 1581811185.0143623, 1581811185.1959393, 1581811185.4116223, 1581811185.7130463, 1581811185.941933, 1581811186.1485407, 1581811186.397603, 1581811186.5826383, 1581811186.9190433, 1581811187.1525767, 1581811187.4393413, 1581811187.6301446, 1581811188.1051621, 1581811188.3569844, 1581811189.023127, 1581811189.3506322, 1581811189.9255152, 1581811190.6683898, 1581811191.0281641, 1581811191.3430738, 1581811191.7486453, 1581811192.2038362, 1581811192.599401, 1581811193.1847308, 1581811193.579612, 1581811194.4302456, 1581811194.8511493, 1581811195.3109493, 1581811195.9205344, 1581811196.3636792, 1581811196.6577508, 1581811197.1592453, 1581811197.5890915, 1581811197.9078138, 1581811198.3547854, 1581811198.495188, 1581811198.7648857, 1581811199.164533, 1581811199.4028857, 1581811199.9306898, 1581811200.2238016, 1581811200.730261, 1581811201.3717785, 1581811202.0910032, 1581811202.5830073, 1581811203.439032, 1581811203.7531195, 1581811204.033956, 1581811204.3302424, 1581811204.8140292, 1581811204.9713864, 1581811205.448292, 1581811205.6622162, 1581811205.9857163, 1581811206.590162, 1581811207.3545613, 1581811207.7483675, 1581811208.078531, 1581811208.5929127, 1581811209.2479901, 1581811209.6796436, 1581811209.976415, 1581811210.2584696, 1581811210.5137124, 1581811210.8147154, 1581811211.0502598, 1581811211.3584824, 1581811211.8711414, 1581811212.2711897, 1581811212.5676956, 1581811212.8880224, 1581811213.1859066, 1581811213.7620296, 1581811214.0754697, 1581811214.4860697, 1581811214.947336, 1581811215.922385, 1581811216.3083508, 1581811216.5595787, 1581811216.9192243, 1581811217.4095314, 1581811217.896082, 1581811218.201366, 1581811218.6974964, 1581811219.072385, 1581811219.3287597, 1581811219.5580292, 1581811219.9812167, 1581811220.3070397, 1581811220.6563723, 1581811220.945941, 1581811221.2462084, 1581811221.411513, 1581811221.597948, 1581811221.8216362, 1581811222.1300554, 1581811222.3694928, 1581811222.6387703, 1581811222.832133, 1581811223.0817845, 1581811223.3982017, 1581811223.6939108, 1581811223.9405951, 1581811224.3338158, 1581811224.6516702, 1581811224.9583342, 1581811225.208909, 1581811225.758051, 1581811226.731064, 1581811227.2219672, 1581811227.592385, 1581811228.374644, 1581811228.997807, 1581811229.7120094, 1581811230.5621407, 1581811231.1728842, 1581811231.8031642, 1581811232.3735502, 1581811232.7221797, 1581811233.5453725, 1581811234.7676885, 1581811235.4170036, 1581811236.7293544, 1581811236.9499395, 1581811237.4538276, 1581811237.8993587, 1581811238.589048, 1581811238.9815109, 1581811239.4887996, 1581811240.9527652, 1581811241.27969, 1581811242.1006052, 1581811242.4726248, 1581811243.3012927, 1581811243.8090308, 1581811244.3551316, 1581811244.7082303, 1581811245.3734472, 1581811245.7575014, 1581811246.5058951, 1581811247.2854269, 1581811247.9159687, 1581811248.626118, 1581811249.6605012, 1581811251.0323014, 1581811251.7261, 1581811252.3609893, 1581811253.1273303, 1581811254.345997, 1581811256.361673, 1581811257.0844815, 1581811257.8154237, 1581811258.7531044, 1581811259.4719782, 1581811260.0798833, 1581811261.5502083, 1581811262.4539018, 1581811263.896388, 1581811264.938885, 1581811265.8823047, 1581811266.6597261, 1581811267.6171427, 1581811268.5467806, 1581811269.7298484, 1581811272.4415326], "episode_lengths": [12, 13, 20, 19, 12, 14, 22, 17, 23, 17, 15, 11, 21, 34, 9, 34, 18, 27, 14, 32, 17, 21, 18, 15, 21, 20, 11, 11, 18, 40, 24, 12, 12, 17, 10, 14, 16, 19, 14, 14, 18, 11, 18, 12, 16, 24, 48, 37, 32, 12, 19, 20, 23, 10, 22, 18, 14, 15, 16, 11, 21, 21, 15, 20, 18, 13, 44, 24, 13, 9, 39, 29, 13, 30, 23, 43, 19, 14, 48, 56, 12, 38, 12, 24, 21, 16, 10, 39, 24, 20, 12, 11, 24, 13, 33, 23, 21, 13, 16, 14, 47, 17, 12, 29, 49, 31, 30, 30, 17, 37, 11, 16, 44, 44, 23, 29, 25, 76, 51, 15, 36, 26, 42, 65, 58, 61, 94, 39, 75, 20, 73, 155, 108, 27, 26, 23, 28, 33, 29, 52, 35, 33, 44, 61, 38, 131, 92, 43, 90, 86, 42, 88, 82, 67, 100, 53, 122, 123, 44, 51, 66, 50, 41, 51, 42, 70, 53, 61, 44, 105, 57, 147, 74, 128, 168, 82, 69, 90, 103, 89, 133, 87, 192, 94, 104, 137, 97, 65, 113, 96, 73, 101, 35, 60, 88, 54, 119, 67, 112, 145, 146, 94, 161, 66, 58, 61, 70, 35, 104, 50, 67, 136, 176, 89, 75, 116, 148, 97, 64, 62, 55, 65, 54, 65, 118, 90, 66, 70, 66, 125, 69, 88, 101, 221, 88, 56, 83, 114, 107, 66, 110, 81, 54, 52, 95, 73, 75, 59, 63, 39, 39, 50, 65, 54, 61, 42, 53, 68, 66, 55, 90, 70, 57, 53, 88, 200, 106, 75, 97, 75, 68, 89, 70, 73, 76, 46, 108, 131, 80, 215, 48, 102, 89, 132, 82, 104, 303, 54, 149, 84, 165, 105, 118, 78, 136, 85, 159, 170, 145, 162, 228, 317, 162, 149, 181, 286, 441, 149, 168, 189, 156, 138, 196, 155, 216, 162, 180, 155, 192, 182, 215, 500],